resume_id,category,split,kind,expected,actual
synthetic-001,single_column,dev,"""missed_employment""","[""example backend lab"", ""backend developer"", ""2023-01"", ""2024-12""]",""""""
synthetic-001,single_column,dev,"""incorrect_employment""","""""","[""experience"", ""backend developer"", ""2023-01"", ""2024-12""]"
synthetic-002,single_column,test,"""missed_employment""","[""example interface lab"", ""frontend developer"", ""2023-01"", ""2024-12""]",""""""
synthetic-002,single_column,test,"""incorrect_employment""","""""","[""experience"", ""frontend developer"", ""2023-01"", ""2024-12""]"
synthetic-003,two_column,dev,"""missed_employment""","[""example data lab"", ""data analyst"", ""2023-01"", ""2024-12""]",""""""
synthetic-003,two_column,dev,"""incorrect_employment""","""""","[""experience"", ""data analyst"", ""2023-01"", ""2024-12""]"
synthetic-004,two_column,test,"""missed_employment""","[""example cloud lab"", ""cloud engineer"", ""2023-01"", ""2024-12""]",""""""
synthetic-004,two_column,test,"""incorrect_employment""","""""","[""experience"", ""cloud engineer"", ""2023-01"", ""2024-12""]"
synthetic-005,scanned,dev,"""missed_skill""","""fastapi""",""""""
synthetic-005,scanned,dev,"""missed_skill""","""postgresql""",""""""
synthetic-005,scanned,dev,"""missed_skill""","""python""",""""""
synthetic-005,scanned,dev,"""field:name""","""Ada Fixture""","""Candidate"""
synthetic-005,scanned,dev,"""field:email""","""ada@example.invalid""","""N/A"""
synthetic-005,scanned,dev,"""field:phone""","""+14155550101""","""N/A"""
synthetic-005,scanned,dev,"""field:location""","""Chennai, Tamil Nadu""","""N/A"""
synthetic-005,scanned,dev,"""field:linkedin""",null,"""N/A"""
synthetic-005,scanned,dev,"""field:highest_education""","""B.Tech Computer Science - Example Institute""","""N/A"""
synthetic-005,scanned,dev,"""missed_employment""","[""example backend lab"", ""backend developer"", ""2023-01"", ""2024-12""]",""""""
synthetic-005,scanned,dev,"""processing:failed""","""completed""","""DOCUMENT_TEXT_EMPTY"""
synthetic-006,scanned,dev,"""missed_skill""","""pandas""",""""""
synthetic-006,scanned,dev,"""missed_skill""","""python""",""""""
synthetic-006,scanned,dev,"""missed_skill""","""sql""",""""""
synthetic-006,scanned,dev,"""field:name""","""Casey Fixture""","""Candidate"""
synthetic-006,scanned,dev,"""field:email""","""casey@example.invalid""","""N/A"""
synthetic-006,scanned,dev,"""field:phone""","""+14155550103""","""N/A"""
synthetic-006,scanned,dev,"""field:location""","""Chennai, Tamil Nadu""","""N/A"""
synthetic-006,scanned,dev,"""field:linkedin""",null,"""N/A"""
synthetic-006,scanned,dev,"""field:highest_education""","""Master of Science - Example University""","""N/A"""
synthetic-006,scanned,dev,"""missed_employment""","[""example data lab"", ""data analyst"", ""2023-01"", ""2024-12""]",""""""
synthetic-006,scanned,dev,"""processing:failed""","""completed""","""DOCUMENT_TEXT_EMPTY"""
synthetic-007,aliases,test,"""missed_employment""","[""example interface lab"", ""frontend developer"", ""2023-01"", ""2024-12""]",""""""
synthetic-007,aliases,test,"""incorrect_employment""","""""","[""experience"", ""frontend developer"", ""2023-01"", ""2024-12""]"
synthetic-008,paraphrase,dev,"""missed_employment""","[""example delivery lab"", ""backend developer"", ""2023-01"", ""2024-12""]",""""""
synthetic-008,paraphrase,dev,"""incorrect_employment""","""""","[""experience"", ""backend developer"", ""2023-01"", ""2024-12""]"
synthetic-009,negation_attribution,test,"""unsupported_skill""","""""","""aws"""
synthetic-009,negation_attribution,test,"""unsupported_skill""","""""","""kubernetes"""
synthetic-009,negation_attribution,test,"""missed_employment""","[""example systems lab"", ""backend developer"", ""2023-01"", ""2024-12""]",""""""
synthetic-009,negation_attribution,test,"""incorrect_employment""","""""","[""experience"", ""backend developer"", ""2023-01"", ""2024-12""]"
synthetic-010,missing_fields_catalog_gap,test,"""catalog_gap""","""orbitqueryx""",""""""
synthetic-010,missing_fields_catalog_gap,test,"""field:location""",null,"""TECHNICAL SKILLS\nSQL, Or"""
synthetic-010,missing_fields_catalog_gap,test,"""incorrect_employment""","""""","[""technical project"", ""project (synthetic test document)"", ""recent"", ""recent""]"
